<?xml version="1.0" encoding="utf-8"?>
<photoList>
	<photo src="../images/91356751_cb249cee19_o.jpg" alt="タイトル00" />
	<photo src="../images/91741178_f199a7d1a0_o.jpg" alt="タイトル01" />
	<photo src="../images/91741350_e7b97aea57_o.jpg" alt="タイトル02" />
	<photo src="../images/100379577_99beca500a_o.jpg" alt="タイトル03" />
	<photo src="../images/100379776_c2239096f3_o.jpg" alt="タイトル04" />
	<photo src="../images/107150612_93dfd5a6bb_o.jpg" alt="タイトル05" />
	<photo src="../images/107545824_b0e6a31bbd_o.jpg" alt="タイトル06" />
	<photo src="../images/109630285_eadfdb879f_o.jpg" alt="タイトル07" />
	<photo src="../images/110439658_1a79abcb8a_o.jpg" alt="タイトル08" />
	<photo src="../images/110439974_a9b1e47401_o.jpg" alt="タイトル09" />
	<photo src="../images/111918213_0700dd016e_o.jpg" alt="タイトル10" />
	<photo src="../images/112380508_52e3f6a65d_o.jpg" alt="タイトル11" />
	<photo src="../images/112380571_bafbefaf86_o.jpg" alt="タイトル12" />
	<photo src="../images/113170423_d79c3c401f_o.jpg" alt="タイトル13" />
	<photo src="../images/114517123_f766b3bb18_o.jpg" alt="タイトル14" />
	<photo src="../images/115259205_14439306dd_o.jpg" alt="タイトル15" />
	<photo src="../images/115786590_5bcbf3143f_o.jpg" alt="タイトル16" />
	<photo src="../images/115787008_3851055f71_o.jpg" alt="タイトル17" />
	<photo src="../images/116299800_6ca88ce0d0_o.jpg" alt="タイトル18" />
	<photo src="../images/116300018_31c9d22972_o.jpg" alt="タイトル19" />
	<photo src="../images/116703996_640c9108bf_o.jpg" alt="タイトル20" />
	<photo src="../images/118043866_10669ce875_o.jpg" alt="タイトル21" />
	<photo src="../images/118688013_ed3a280043_o.jpg" alt="タイトル22" />
	<photo src="../images/118688444_0cc9fa8415_o.jpg" alt="タイトル23" />
	<photo src="../images/119265722_206e03235c_o.jpg" alt="タイトル24" />
	<photo src="../images/120224176_e9acc382ac_o.jpg" alt="タイトル25" />
	<photo src="../images/120224656_ca057adb72_o.jpg" alt="タイトル26" />
	<photo src="../images/120679273_9d5b9f5089_o.jpg" alt="タイトル27" />
	<photo src="../images/120679451_1605a4b530_o.jpg" alt="タイトル28" />
	<photo src="../images/121164308_2b931ec562_o.jpg" alt="タイトル29" />
	<photo src="../images/122506271_c9c4648bd9_o.jpg" alt="タイトル30" />
	<photo src="../images/128781060_58912c7847_o.jpg" alt="タイトル31" />
	<photo src="../images/128781287_d2ae62a0a1_o.jpg" alt="タイトル32" />
	<photo src="../images/130073496_b9daa167a9_o.jpg" alt="タイトル33" />
	<photo src="../images/136293637_01aa14e02f_o.jpg" alt="タイトル34" />
	<photo src="../images/136293738_fcefa07e32_o.jpg" alt="タイトル35" />
	<photo src="../images/142671818_4679cc4257_o.jpg" alt="タイトル36" />
	<photo src="../images/147439168_4303eaf30e_o.jpg" alt="タイトル37" />
	<photo src="../images/147439360_7025edea36_o.jpg" alt="タイトル38" />
	<photo src="../images/2260422106_a27cc78387_o.jpg" alt="タイトル39" />
</photoList>